<?xml version="1.0" encoding="UTF-8" standalone="yes"?>
<manifest>
  <control namespace="err403" constructor="PCFFluentUiAutoCompleteGooglePlaces" version="1.0.37" display-name-key="PCF FluentUI Google Address AutoComplete" description-key="A Google Places autocomplete control using React and FluentUI. Provides address search functionality with Google Places API integration." control-type="standard" preview-image="img/preview.png" api-version="1.3.3">
    <property name="apiToken" display-name-key="Google API Key" description-key="Google Places API Key for address autocomplete functionality" of-type="SingleLine.Text" usage="input" required="true"/>
    <property name="countryRestriction" display-name-key="Country Restriction" description-key="Restrict search results to specific countries. Leave empty to allow all countries" of-type="SingleLine.Text" usage="input" required="false"/>
    <property name="stateReturnShortName" display-name-key="State Return Short Name" description-key="Return state/region as abbreviation instead of full name" of-type="TwoOptions" usage="input" required="false"/>
    <property name="countryReturnShortName" display-name-key="Country Return Short Name" description-key="Return country as code instead of full name" of-type="TwoOptions" usage="input" required="false"/>
    <property name="street" display-name-key="Street" description-key="Street number and name from selected address" of-type="SingleLine.Text" usage="bound" required="true"/>
    <property name="suburb" display-name-key="Suburb" description-key="Suburb/locality from selected address" of-type="SingleLine.Text" usage="bound" required="false"/>
    <property name="city" display-name-key="City" description-key="City from selected address" of-type="SingleLine.Text" usage="bound" required="false"/>
    <property name="state" display-name-key="State" description-key="State/region from selected address" of-type="SingleLine.Text" usage="bound" required="false"/>
    <property name="country" display-name-key="Country" description-key="Country from selected address" of-type="SingleLine.Text" usage="bound" required="false"/>
    <property name="latitude" display-name-key="Latitude" description-key="Latitude coordinate from selected address" of-type="FP" usage="bound" required="false"/>
    <property name="longitude" display-name-key="Longitude" description-key="Longitude coordinate from selected address" of-type="FP" usage="bound" required="false"/>
    <property name="building" display-name-key="Building" description-key="Building/premise from selected address" of-type="SingleLine.Text" usage="bound" required="false"/>
    <property name="postcode" display-name-key="Postcode" description-key="Postal/ZIP code from selected address" of-type="SingleLine.Text" usage="bound" required="false"/>
    <property name="googlePlaceId" display-name-key="Google Place ID" description-key="Google Place ID from selected address for reference" of-type="SingleLine.Text" usage="bound" required="false"/>
    <resources>
      <code path="bundle.js" order="1"/>
      <css path="css/PCFFluentUiAutoComplete.css" order="1"/>
      <resx path="strings/PCFFluentUiAutoComplete.1033.resx" version="1.0.0"/>
    </resources>
    <built-by name="pac" version="1.29.9"/>
  </control>
</manifest>